{
    "interactionModel": {
        "languageModel": {
            "invocationName": "my board",
            "intents": [
                {
                    "name": "AMAZON.CancelIntent",
                    "samples": []
                },
                {
                    "name": "AMAZON.HelpIntent",
                    "samples": []
                },
                {
                    "name": "LEDIntent",
                    "slots": [
                        {
                            "name": "LEDMessage",
                            "type": "LED_LIST"
                        },
                        {
                            "name": "LED_ID",
                            "type": "LED_ID_LIST"
                        }
                    ],
                    "samples": [
                        "to switch {LED_ID} LED {LEDMessage}",
                        "to switch the {LED_ID} LED {LEDMessage}",
                        "to turn {LEDMessage} {LED_ID} LED",
                        "to {LEDMessage} the LED",
                        "to turn {LED_ID} LEDs {LEDMessage}",
                        "to {LEDMessage} {LED_ID} LEDs",
                        "to {LEDMessage} {LED_ID} LED",
                        "to {LEDMessage} the {LED_ID} light",
                        "to turn {LED_ID} LED {LEDMessage}",
                        "to turn {LEDMessage} {LED_ID} lights",
                        "to turn {LEDMessage} {LED_ID} LEDs",
                        "to set the {LED_ID} LED {LEDMessage}",
                        "to {LEDMessage} the {LED_ID} LED",
                        "to turn the {LED_ID} LED {LEDMessage}",
                        "to turn {LEDMessage} the {LED_ID} LED",
                        "to make the {LED_ID} LED {LEDMessage}",
                        "to switch {LEDMessage} the {LED_ID} LED",
                        "to turn {LEDMessage} the {LED_ID} light"
                    ]
                },
                {
                    "name": "AMAZON.NavigateHomeIntent",
                    "samples": []
                },
                {
                    "name": "ACCELIntent",
                    "slots": [
                        {
                            "name": "AccelMessage",
                            "type": "Accel_LIST"
                        }
                    ],
                    "samples": [
                        "{AccelMessage}",
                        "the {AccelMessage}",
                        "to read the {AccelMessage}",
                        "to refresh the {AccelMessage}",
                        "to update the {AccelMessage}"
                    ]
                }
            ],
            "types": [
                {
                    "name": "LED_LIST",
                    "values": [
                        {
                            "name": {
                                "value": "toggle"
                            }
                        },
                        {
                            "name": {
                                "value": "on"
                            }
                        },
                        {
                            "name": {
                                "value": "off"
                            }
                        }
                    ]
                },
                {
                    "name": "LED_ID_LIST",
                    "values": [
                        {
                            "name": {
                                "value": "all"
                            }
                        },
                        {
                            "name": {
                                "value": "blue"
                            }
                        },
                        {
                            "name": {
                                "value": "green"
                            }
                        },
                        {
                            "name": {
                                "value": "red"
                            }
                        }
                    ]
                },
                {
                    "name": "Accel_LIST",
                    "values": [
                        {
                            "name": {
                                "value": "accelerometer"
                            }
                        }
                    ]
                }
            ]
        }
    }
}